TrainerID,Name,Surname,BirthDate,Gender,TrainerType,CountryID,FitnessCenterID
1,Welbie,Zorzutti,2007/11/23,M,Pomocni,492,146
2,Dmitri,Covey,1999/07/05,M,Pomocni,778,517
3,Ellie,Kohler,1991/07/16,Z,Glavni,515,105
4,Kristopher,Dunbabin,1998/06/05,M,Glavni,108,790
5,Marcile,Macer,2009/02/07,Z,Pomocni,776,275
6,Gaven,Dawby,1987/07/24,M,Pomocni,698,104
7,Kyrstin,Jaume,1993/08/06,Z,Pomocni,814,367
8,Fifi,Cecere,1994/04/18,M,Glavni,911,36
9,Amandy,Blachford,1981/01/04,Z,Pomocni,662,886
10,Hertha,Beig,1998/06/28,M,Glavni,455,813
11,Timotheus,Marti,2001/03/24,Z,Glavni,243,637
12,Remy,Hurd,2000/11/08,M,Glavni,781,653
13,Brewster,Searle,2000/01/13,M,Pomocni,880,224
14,Ebony,Curado,1989/12/22,Z,Pomocni,172,978
15,Cristal,Delatour,2008/06/29,Z,Pomocni,57,906
16,Theodor,Jansky,1984/07/30,Z,Pomocni,647,18
17,Zilvia,Thripp,2004/10/11,Z,Glavni,582,727
18,Mayer,Ocheltree,1996/12/11,M,Pomocni,434,472
19,Edith,Larder,1997/12/22,Z,Glavni,469,815
20,Henryetta,Aveson,1989/08/07,Z,Pomocni,284,588
21,Vina,Bromehead,1982/08/24,Z,Pomocni,43,26
22,Martita,Maughan,1981/09/25,Z,Glavni,438,924
23,Ceciley,Corden,2005/02/08,Z,Glavni,827,404
24,Tami,Clarey,2009/12/21,M,Pomocni,135,352
25,Eudora,Brithman,1993/09/30,Z,Glavni,825,957
26,Deina,Bielefeld,1985/10/08,M,Glavni,35,398
27,Seumas,Landsborough,1992/08/01,M,Pomocni,637,794
28,Sig,Trubshawe,1987/03/10,M,Pomocni,54,417
29,Kerr,Dedman,1986/05/29,M,Pomocni,630,647
30,Moria,Guarnier,1994/06/15,M,Pomocni,559,613
31,Anstice,Noar,2001/10/17,M,Glavni,807,341
32,Ivonne,Morphey,1996/10/16,M,Glavni,570,740
33,Elmo,Wigley,2000/04/28,M,Pomocni,635,957
34,Misty,Curragh,1992/06/10,M,Pomocni,117,662
35,May,McAlinden,1983/10/18,M,Pomocni,261,139
36,Godfry,Gilardi,1993/11/11,Z,Pomocni,631,292
37,Iain,Leeburn,2000/03/19,M,Glavni,97,178
38,Zitella,Connikie,1989/04/13,Z,Pomocni,321,949
39,Jessi,Janssen,1994/04/28,Z,Pomocni,727,449
40,Barron,Dennington,2001/05/04,M,Pomocni,248,448
41,Clotilda,Mingame,2009/05/12,Z,Glavni,84,810
42,Cathrin,Pengelley,1994/03/18,M,Glavni,144,26
43,Ofelia,Wemyss,2005/08/22,M,Pomocni,414,556
44,Rasia,Knightley,1996/03/12,M,Glavni,629,689
45,Ardyth,Moakson,1986/01/12,M,Pomocni,633,782
46,Zena,Tollfree,1998/10/22,Z,Pomocni,96,719
47,Randal,Comino,1982/07/20,M,Pomocni,212,478
48,Holmes,Ather,1993/02/26,Z,Pomocni,326,698
49,Judas,Blight,2007/02/01,M,Pomocni,616,769
50,Shellysheldon,Sainthill,2001/08/26,M,Glavni,1000,574
51,Elysee,Search,1988/03/09,Z,Pomocni,470,774
52,Alfonso,Merryman,1982/04/14,Z,Pomocni,908,531
53,Lezlie,Domesday,2007/12/14,M,Glavni,690,571
54,Muffin,Antonoczyk,1985/09/10,M,Glavni,522,460
55,Jorrie,Thorndale,1990/06/26,M,Pomocni,746,267
56,Hilly,Atkins,2010/08/12,M,Pomocni,913,255
57,Sheila-kathryn,Sizey,1994/02/04,Z,Glavni,791,366
58,Anson,Chattock,1987/11/08,M,Glavni,863,117
59,Ginny,Scoates,1984/09/29,Z,Pomocni,112,293
60,Perl,Phebee,1994/10/01,Z,Pomocni,366,455
61,Lonnie,Bullingham,1998/12/02,M,Pomocni,556,368
62,Biddy,Figure,1998/10/12,Z,Pomocni,35,794
63,Shirline,Tosney,1992/06/02,Z,Pomocni,977,589
64,Quent,Lamprey,1987/06/05,M,Pomocni,575,392
65,Opaline,Prayer,2002/04/29,M,Glavni,476,169
66,Davidson,Nobles,2009/08/08,Z,Pomocni,815,443
67,Beatrisa,Chadburn,1993/09/18,Z,Pomocni,113,575
68,Dore,Lenney,2007/11/04,M,Glavni,470,998
69,Jodi,Parsisson,2003/10/18,Z,Pomocni,114,436
70,Craig,McQuorkel,1998/09/11,Z,Pomocni,557,414
71,Kit,Batisse,1984/01/07,Z,Pomocni,436,739
72,Suki,Teml,2000/05/06,M,Pomocni,813,698
73,Latisha,Nance,1986/01/06,M,Pomocni,288,35
74,Latashia,Shillingford,1997/09/16,Z,Pomocni,199,53
75,Blondy,Able,1987/01/21,M,Pomocni,193,553
76,Steven,Jirasek,2010/08/28,Z,Pomocni,435,346
77,Casandra,Trouel,1995/05/31,Z,Pomocni,264,528
78,Tommie,Camin,1997/03/07,Z,Glavni,397,152
79,Bronnie,Bee,2005/01/08,Z,Pomocni,584,767
80,Jewel,Duddell,1988/08/01,M,Pomocni,834,681
81,Marice,McAvinchey,2009/10/29,Z,Pomocni,916,818
82,Malena,Duffield,1990/03/24,M,Glavni,291,219
83,Ricky,Bonsall,1988/03/29,Z,Glavni,364,835
84,Alameda,Mollnar,2004/12/11,Z,Pomocni,825,77
85,Aubrey,Heigold,1983/09/02,Z,Pomocni,873,844
86,Danya,Clausen,1993/06/09,Z,Pomocni,498,344
87,Aarika,Pavett,1992/01/30,Z,Pomocni,620,646
88,Garrick,Napleton,1982/12/03,Z,Glavni,221,692
89,Pier,Ishaki,2009/10/03,Z,Pomocni,888,159
90,Donna,Staresmeare,1983/06/30,Z,Pomocni,367,99
91,Dore,Drinkwater,2006/07/18,Z,Glavni,298,155
92,Amalee,Stuttman,1997/03/17,Z,Pomocni,643,51
93,Torre,Durrad,1998/02/13,M,Pomocni,262,120
94,Katrinka,Astall,1997/09/19,Z,Glavni,897,833
95,Jillian,Van Weedenburg,1999/02/26,Z,Pomocni,935,784
96,Viv,Kave,1983/08/15,Z,Pomocni,664,431
97,Silvia,Swinn,2002/06/24,Z,Pomocni,397,485
98,Jane,Simione,2001/08/05,Z,Glavni,106,926
99,Ruprecht,Kitcat,2003/03/09,M,Pomocni,528,582
100,Ag,Brannon,1983/02/18,Z,Pomocni,324,529
101,Zea,Hawkeridge,1995/02/17,Z,Pomocni,377,850
102,Maximilian,Dibdin,1991/06/14,Z,Glavni,916,135
103,Dewain,Kiellor,1996/11/01,M,Pomocni,375,335
104,Riley,Kiely,1995/05/13,Z,Pomocni,420,454
105,Claire,Thiem,2008/08/19,Z,Pomocni,464,478
106,Marcos,Lowsely,1988/11/12,Z,Pomocni,607,328
107,Charin,Glendza,2002/06/23,Z,Glavni,518,461
108,Marylee,Erley,2001/11/12,Z,Pomocni,296,558
109,Daphna,Waller,2006/05/27,M,Pomocni,178,215
110,Graig,McAuslan,2009/12/07,Z,Pomocni,117,446
111,Jay,Azema,1999/06/23,Z,Glavni,159,551
112,Madella,Fairlam,1984/09/29,M,Pomocni,913,410
113,Geri,Demsey,1981/12/11,Z,Pomocni,507,265
114,Agosto,Lewer,1986/12/23,M,Pomocni,727,151
115,Desmund,Durston,1982/09/20,M,Pomocni,881,92
116,Paxton,Manwaring,1985/08/06,M,Pomocni,367,149
117,Gale,Channon,1987/04/03,Z,Pomocni,89,93
118,Annora,Caulkett,1984/05/20,M,Pomocni,778,979
119,Maximilianus,Issett,1993/03/13,M,Pomocni,798,190
120,Hendrick,Portress,1986/03/31,M,Pomocni,487,300
121,Deeyn,deKnevet,1997/01/22,Z,Pomocni,366,373
122,Hesther,Igounet,1988/06/29,M,Glavni,938,33
123,Sergio,Daoust,1998/06/22,M,Glavni,372,465
124,Amory,Ivanisov,2005/03/06,Z,Glavni,717,772
125,Pet,Stocking,1984/02/02,Z,Pomocni,596,369
126,Luce,Coviello,1988/11/07,Z,Pomocni,217,835
127,Shane,Glidden,1996/12/25,Z,Pomocni,564,879
128,Lurline,Rocks,1986/02/10,Z,Pomocni,586,608
129,Rebeca,Burtenshaw,1982/04/22,M,Pomocni,868,913
130,Ase,Abella,2000/04/06,M,Pomocni,925,847
131,Thatcher,Kloss,1982/01/21,Z,Pomocni,959,265
132,Calida,Maybey,2006/10/04,Z,Glavni,521,624
133,Miranda,Castle,1984/04/06,Z,Pomocni,388,895
134,Sofia,Yegorkov,1981/05/21,Z,Glavni,843,595
135,Jordon,Schoolfield,2002/07/17,M,Pomocni,602,518
136,Kristin,Eusden,1982/03/16,M,Pomocni,885,840
137,Florette,Licquorish,1990/11/28,Z,Glavni,177,591
138,Lorelle,Towler,1983/07/31,M,Pomocni,137,700
139,Benoit,Toping,1981/07/06,M,Pomocni,588,343
140,Joey,De Haven,2004/12/12,Z,Glavni,929,208
141,Blithe,Moffatt,1990/09/01,Z,Glavni,203,811
142,Dael,Probin,1984/03/23,Z,Pomocni,555,224
143,Lenore,Kimmings,2004/01/13,Z,Pomocni,110,90
144,Nikolai,Povah,2002/10/23,Z,Pomocni,27,370
145,Gillan,Croser,1982/10/13,Z,Pomocni,603,1
146,Smitty,Leates,1991/12/15,Z,Pomocni,805,474
147,Justen,Budgett,1989/12/21,M,Pomocni,337,219
148,Benedict,MacLese,2004/09/26,Z,Pomocni,551,724
149,Cash,Botton,1997/07/19,Z,Glavni,440,445
150,Laird,Cod,2005/05/18,M,Pomocni,618,694
151,Vernor,Maudling,2006/07/15,Z,Pomocni,120,230
152,Roshelle,Arndt,1993/11/04,Z,Pomocni,235,356
153,Angeline,Landy,1996/06/24,Z,Pomocni,815,280
154,Bernadine,Greystoke,1983/02/09,M,Pomocni,529,951
155,Rowland,Irvine,1993/04/22,Z,Pomocni,482,82
156,Aila,Johannesson,1992/07/30,Z,Pomocni,502,19
157,Melania,Palombi,2005/08/06,Z,Pomocni,990,469
158,Viviana,Morrallee,2000/06/27,M,Pomocni,447,346
159,Elsey,Wanka,2005/10/22,M,Pomocni,103,488
160,Terese,Grimes,2003/03/21,Z,Pomocni,453,429
161,Fields,Brugman,1993/05/03,Z,Pomocni,329,50
162,Kevina,Vermer,2007/11/27,Z,Pomocni,118,248
163,Johnath,Chappelow,1998/01/15,Z,Glavni,33,626
164,Allys,Petschelt,2010/02/02,M,Glavni,432,357
165,Honey,Durrans,1997/01/08,Z,Pomocni,897,48
166,Bradan,Sebert,1997/02/13,M,Glavni,344,465
167,Rycca,Battisson,2002/05/03,Z,Glavni,526,367
168,Balduin,Grigoli,1981/08/10,M,Pomocni,8,243
169,Montgomery,Fearenside,2002/03/06,Z,Glavni,283,146
170,Sisile,Perse,2002/05/19,Z,Glavni,679,599
171,Paulie,Dobson,1986/12/06,Z,Pomocni,27,6
172,Pablo,Morgon,1997/11/07,M,Glavni,293,578
173,Byrom,Castanone,2010/06/26,M,Pomocni,652,210
174,Barbabas,Brine,1982/05/09,M,Glavni,40,988
175,Jesse,Cringle,2001/06/26,M,Glavni,273,937
176,Patty,Valentetti,1994/06/06,Z,Pomocni,930,682
177,Shel,Sylvester,1984/02/07,M,Pomocni,864,869
178,Carolyn,Slowly,1981/10/19,Z,Pomocni,380,409
179,Harrietta,Danielut,2004/02/23,M,Pomocni,44,512
180,Jone,Cheltnam,2003/11/01,Z,Glavni,34,60
181,Merrile,Lowing,2000/07/16,Z,Pomocni,138,849
182,Alberta,Hardisty,1999/11/26,M,Pomocni,860,335
183,Ive,Siggins,2010/08/12,Z,Glavni,84,754
184,Willie,Pordall,1985/03/28,Z,Pomocni,906,785
185,Samson,Hassard,1984/12/27,Z,Pomocni,626,960
186,Wenonah,Adlam,2006/05/31,M,Glavni,873,556
187,Valli,Hayle,2000/07/12,Z,Pomocni,132,645
188,Yorgo,Eddie,1989/11/20,Z,Pomocni,914,684
189,Karin,Salzburg,2006/06/26,M,Pomocni,211,583
190,Stacy,Taylo,1981/09/21,Z,Pomocni,465,446
191,Thaddeus,Philipeaux,2009/11/29,Z,Glavni,921,701
192,Paolina,Sidry,1991/11/16,Z,Pomocni,685,992
193,Patrice,Bigg,1990/11/05,Z,Pomocni,264,136
194,Brear,Jaycocks,1987/04/05,Z,Glavni,468,34
195,Colby,Filoniere,1997/05/15,Z,Pomocni,410,232
196,Forbes,Worsell,1985/10/02,Z,Pomocni,175,665
197,Deeanne,Checklin,1983/03/14,Z,Glavni,236,47
198,Randolf,Larive,1989/06/05,Z,Pomocni,339,450
199,Noak,Murch,1994/04/24,Z,Pomocni,78,659
200,Ciro,Greatland,1991/06/14,Z,Pomocni,718,469
201,Valentia,Witton,1983/05/30,Z,Pomocni,411,441
202,Lief,Cantle,2001/05/10,Z,Pomocni,190,259
203,Birk,Musla,2009/12/11,M,Glavni,549,109
204,Erinn,Ropartz,1989/05/31,Z,Pomocni,393,69
205,Rycca,Stormes,2007/01/05,M,Pomocni,611,3
206,Renell,Sorton,2000/12/09,Z,Glavni,605,492
207,Horst,Feldmesser,1982/05/26,M,Glavni,310,510
208,Emlynne,Asch,1985/04/05,M,Pomocni,848,540
209,Clarita,Ruffy,1981/04/03,Z,Pomocni,94,314
210,Trey,Jurisch,2000/01/04,Z,Pomocni,293,585
211,Davidde,Stirgess,1983/09/29,Z,Pomocni,232,223
212,Casper,Mander,1993/04/23,M,Glavni,616,537
213,Arlana,Kirby,2007/11/21,Z,Pomocni,233,331
214,Malena,Camillo,2000/11/17,M,Pomocni,545,51
215,Elinore,Krauss,1983/08/02,Z,Pomocni,92,819
216,Wildon,Brigden,2002/07/28,M,Glavni,366,868
217,Jereme,Osipov,1995/01/18,Z,Glavni,373,454
218,Kennith,Woolaston,1996/02/16,Z,Glavni,854,972
219,Griffith,Robertsson,2006/07/03,Z,Glavni,376,961
220,Robena,Swinford,1989/04/28,M,Glavni,204,902
221,Aguie,Jebb,1981/02/09,M,Glavni,564,817
222,Nicolle,Jowett,1996/12/21,M,Pomocni,861,191
223,Rickie,Denton,1983/01/17,Z,Pomocni,746,743
224,Griselda,Tolland,1986/01/31,Z,Pomocni,104,613
225,Norah,Hugh,2007/08/09,M,Pomocni,413,690
226,Conrade,Hecks,2008/03/18,Z,Pomocni,932,325
227,Micky,Ech,2002/04/01,M,Pomocni,507,576
228,Lydon,Titchen,1997/06/12,Z,Glavni,115,824
229,Theo,Camplin,2009/03/20,M,Pomocni,135,784
230,Allegra,Liverock,1984/08/11,Z,Pomocni,4,683
231,Malvina,Britner,1990/08/02,Z,Pomocni,525,765
232,Chrystal,Macon,1983/11/13,Z,Pomocni,787,395
233,Ardra,Custance,1983/12/11,Z,Pomocni,114,155
234,Clari,Willingale,2009/06/27,Z,Pomocni,958,934
235,Gina,Rodmell,2009/05/12,M,Pomocni,84,616
236,Bridget,Caldron,2005/08/01,Z,Pomocni,25,116
237,Mordecai,Knottley,1994/12/17,M,Glavni,970,856
238,Gal,Hammelberg,1991/10/17,Z,Pomocni,308,15
239,Veda,Ruzicka,2001/07/29,M,Glavni,541,498
240,Marshall,Shropshire,2001/08/16,M,Pomocni,275,231
241,Regan,Gilson,2000/10/24,Z,Pomocni,48,849
242,Lib,Remmer,1989/05/22,M,Pomocni,554,197
243,Gertrude,Barendtsen,1985/08/04,M,Pomocni,903,644
244,Rosa,Conor,2003/01/12,Z,Glavni,189,44
245,Lorne,Scoles,2010/08/19,M,Pomocni,751,296
246,Gwyn,Twiggs,1995/09/02,Z,Pomocni,971,26
247,Ninette,Leckie,1998/06/21,Z,Pomocni,62,964
248,Jose,Woffenden,1996/03/09,Z,Glavni,348,926
249,Dun,Siehard,1989/07/07,Z,Pomocni,214,154
250,Shara,Goulbourne,2007/09/02,Z,Glavni,92,871
251,Eberto,Penticost,1990/08/10,M,Glavni,622,457
252,Lauralee,MacCaughen,1987/11/02,Z,Glavni,50,943
253,Phoebe,Egerton,1981/05/19,M,Pomocni,565,972
254,Janina,Taplin,2008/12/19,Z,Pomocni,376,544
255,Silvain,Colbran,2007/12/15,M,Pomocni,779,255
256,Monro,Jarman,2008/06/15,M,Pomocni,63,375
257,Vincent,Linfield,1991/09/02,M,Pomocni,274,473
258,Almira,Ginnally,1995/02/15,Z,Pomocni,791,434
259,Riccardo,Loude,2000/07/14,M,Glavni,900,119
260,Lorna,Haye,1991/12/01,Z,Pomocni,53,22
261,Kenny,Bercher,2005/06/20,Z,Pomocni,244,193
262,Mada,Galway,2007/05/15,Z,Pomocni,348,733
263,Shellysheldon,Erickson,2010/01/18,M,Pomocni,879,966
264,Clemmie,Pottle,2002/12/25,Z,Glavni,436,171
265,Dehlia,Clara,2010/08/24,M,Pomocni,802,912
266,Gannon,Balam,2005/09/08,Z,Pomocni,217,126
267,Merrel,Oakes,2003/02/01,Z,Pomocni,859,752
268,Ced,Devenish,2009/02/03,M,Pomocni,539,2
269,Claudio,Tempest,1984/03/26,Z,Pomocni,813,995
270,Athene,Riche,1993/03/14,Z,Glavni,447,840
271,Annelise,Marc,2010/07/28,M,Pomocni,505,202
272,Aretha,Fallow,1986/12/29,Z,Glavni,770,598
273,Ezri,Webermann,1987/04/02,M,Pomocni,121,685
274,Thom,Eslinger,2001/09/10,M,Pomocni,903,293
275,Clementia,Walrond,1985/02/16,Z,Glavni,255,948
276,Emelina,Finessy,1990/03/03,Z,Pomocni,888,53
277,Gaspar,Phalip,1991/06/20,M,Pomocni,458,440
278,Powell,Alentyev,2007/08/27,M,Pomocni,928,858
279,Conn,Offill,1981/08/25,M,Pomocni,869,325
280,Carlina,Patis,2007/01/25,Z,Pomocni,760,20
281,Wald,Linforth,1993/03/02,Z,Pomocni,347,97
282,Estelle,Edsell,1986/05/21,Z,Glavni,733,638
283,Blisse,Talman,2010/08/26,M,Glavni,51,923
284,Lurleen,Wildes,2009/02/21,Z,Pomocni,601,96
285,Myrtie,Everill,1986/03/22,M,Pomocni,359,437
286,Marybeth,Thonger,1989/10/26,Z,Pomocni,122,301
287,Henriette,Agett,1992/01/14,Z,Glavni,925,820
288,Dora,Oade,2004/06/15,M,Glavni,354,181
289,Lovell,Shawell,1984/11/16,M,Pomocni,323,825
290,Ulises,Stair,1986/02/14,Z,Pomocni,492,856
291,Marne,Lundie,2005/11/14,Z,Pomocni,529,95
292,Yoko,Bentjens,2005/03/31,Z,Glavni,170,35
293,Cosimo,Littley,1999/05/31,M,Pomocni,777,987
294,Lorna,Kondrachenko,1995/11/21,Z,Pomocni,328,817
295,Kelley,Hambling,1988/01/28,Z,Pomocni,855,264
296,Giustino,Benn,1996/07/30,Z,Glavni,425,114
297,Dorri,Esby,2004/11/04,M,Pomocni,528,666
298,Sibby,Gladyer,1996/12/21,M,Pomocni,790,694
299,Alphonso,Evitts,1982/12/05,M,Pomocni,461,77
300,Alexina,Brennan,1981/11/05,Z,Glavni,631,335
301,Bess,Curreen,2003/12/18,Z,Glavni,193,314
302,Georg,Partlett,1992/10/10,M,Pomocni,789,806
303,Guillermo,Oland,1991/07/24,M,Glavni,447,243
304,Stanislaw,Corradengo,1982/01/08,Z,Pomocni,820,704
305,Lind,Wort,1998/06/10,Z,Glavni,412,460
306,Chanda,Norvell,2006/01/12,M,Glavni,379,326
307,Uta,Poynser,1994/01/01,Z,Glavni,714,229
308,Theo,Corrigan,1987/02/18,M,Glavni,968,868
309,Hermione,McCuthais,1985/12/22,M,Pomocni,117,982
310,Bancroft,Blatherwick,1984/07/25,M,Pomocni,308,808
311,Fabio,McVee,1989/12/07,Z,Pomocni,699,113
312,Orelee,Holme,1983/09/30,Z,Glavni,386,729
313,Enrika,Sporrij,2007/12/08,Z,Pomocni,384,631
314,Eba,Bealton,1994/04/04,M,Pomocni,623,363
315,Garner,Schustl,2002/12/31,M,Glavni,15,937
316,Babbie,Idle,2006/02/03,Z,Pomocni,80,939
317,Gayler,Andri,1992/09/18,Z,Pomocni,800,516
318,Floris,Nassey,1986/12/20,M,Glavni,161,903
319,Betti,Ricciardo,1983/07/10,Z,Pomocni,409,276
320,Timmie,Shapiro,2010/02/22,Z,Pomocni,985,441
321,Jarret,Pacitti,1986/08/12,Z,Pomocni,431,333
322,Catrina,Pettus,2007/11/22,Z,Pomocni,607,641
323,Ogden,Beaton,1993/01/09,M,Pomocni,571,436
324,Cleon,Huett,1989/09/20,M,Pomocni,294,461
325,Galvin,Zambon,1981/07/14,M,Pomocni,505,964
326,Shelbi,Noteyoung,1994/03/30,M,Pomocni,433,134
327,Timmi,Clemits,2005/03/23,Z,Glavni,840,239
328,Natassia,Tidy,1988/12/21,Z,Pomocni,987,498
329,Marshal,Goodricke,1997/02/23,M,Pomocni,445,25
330,Talbert,Sollowaye,1991/12/16,Z,Pomocni,650,639
331,Mohandis,Shipton,2001/06/10,Z,Pomocni,94,821
332,Ced,Monteaux,1996/12/29,M,Pomocni,427,335
333,Zed,Klampt,2010/09/29,Z,Pomocni,872,91
334,Sarette,Petch,1991/04/28,M,Glavni,909,561
335,Arlyne,Barnett,1985/02/08,M,Pomocni,153,640
336,Maggie,Hearle,1984/11/04,M,Glavni,476,42
337,Jayme,Cubitt,1989/12/27,Z,Pomocni,132,810
338,Tim,Viant,1984/06/18,Z,Pomocni,142,977
339,Jasun,Lulham,2006/10/14,M,Glavni,440,391
340,Danya,Laye,1999/12/22,M,Glavni,152,997
341,Pansy,De Cristofalo,1994/04/27,M,Pomocni,340,618
342,Galven,Garnam,1990/12/28,Z,Pomocni,793,506
343,Ephrayim,Bugbee,1996/07/14,Z,Pomocni,799,371
344,Carmella,Dan,1988/06/20,M,Pomocni,58,974
345,Rosie,Klewer,2010/07/06,Z,Pomocni,613,399
346,Brendon,Saulter,1995/07/17,Z,Pomocni,509,878
347,Marquita,Gabotti,1985/02/14,M,Pomocni,930,238
348,Andres,Bergeon,1993/11/13,Z,Glavni,935,408
349,Annalee,Zaniolo,2006/05/01,Z,Glavni,155,329
350,Nichol,Adam,1985/04/27,M,Glavni,422,928
351,Leda,McLellan,1998/03/04,M,Pomocni,584,241
352,Antons,Sanchez,1997/09/20,Z,Glavni,953,227
353,Christyna,Cardoo,1988/01/31,Z,Glavni,561,289
354,Loleta,Naerup,1980/12/20,Z,Pomocni,593,993
355,Matthaeus,Crowthe,2010/05/04,Z,Pomocni,882,515
356,Jarrid,Sibbons,1992/07/03,M,Pomocni,157,678
357,Benjamin,France,1983/04/16,Z,Glavni,474,390
358,Leigh,Mora,2010/09/13,M,Pomocni,50,593
359,Lorie,Burmaster,1998/11/26,M,Pomocni,538,786
360,Maribelle,Skett,1987/11/17,Z,Glavni,725,181
361,Carole,Castanho,1992/10/16,Z,Pomocni,287,14
362,Evelyn,Master,1980/12/20,Z,Pomocni,785,94
363,Broderic,Loffhead,1983/01/18,Z,Pomocni,867,967
364,Berget,Antal,2001/09/01,Z,Pomocni,404,985
365,Marla,Calvard,1999/04/22,M,Pomocni,784,633
366,Sissie,Harburtson,1991/02/11,Z,Pomocni,299,572
367,Jammie,Mordin,1991/01/21,M,Pomocni,527,170
368,Dion,Nugent,1990/05/14,M,Pomocni,370,666
369,Dominick,Biaggelli,2006/08/12,M,Glavni,470,131
370,Bogart,Blumson,1993/05/04,M,Glavni,833,147
371,Marcille,Walworche,2004/08/05,Z,Glavni,207,585
372,Seymour,Scola,1989/06/26,Z,Pomocni,857,891
373,Meghann,Guilliland,2003/03/08,M,Glavni,23,51
374,Joell,Halsall,2006/09/10,M,Pomocni,310,598
375,Hart,Way,1991/05/23,M,Pomocni,453,163
376,Lacee,Sennett,1982/05/06,M,Pomocni,785,398
377,Gawain,Bortoluzzi,1988/08/02,M,Pomocni,219,58
378,Lucien,Nicol,1994/04/30,Z,Pomocni,744,382
379,Kellia,Shadwick,1984/08/29,Z,Pomocni,132,732
380,Maryjane,Girault,2001/08/08,Z,Pomocni,533,368
381,Isobel,Donaway,2009/06/10,Z,Pomocni,612,979
382,Bancroft,Boow,2007/08/16,M,Pomocni,607,503
383,Marjorie,Mingotti,1991/06/13,M,Pomocni,838,987
384,Denney,Zealander,2008/09/27,Z,Glavni,641,81
385,Stefa,Taunton,2001/06/02,M,Glavni,812,148
386,Durward,Blew,1996/11/27,M,Pomocni,500,842
387,Adelina,Stubbeley,1981/01/22,Z,Pomocni,124,943
388,Robbyn,Flaonier,1990/03/11,Z,Pomocni,284,446
389,Effie,Harrington,1992/10/31,M,Pomocni,914,832
390,Dulsea,Dulinty,1982/09/29,M,Glavni,167,360
391,Gayle,Haggleton,2002/08/24,Z,Glavni,481,3
392,Jase,Spilsted,2001/08/12,Z,Pomocni,710,453
393,Denney,Sailes,1992/08/20,Z,Pomocni,496,611
394,Valentine,Catley,2009/02/08,M,Pomocni,189,537
395,Brockie,Cardow,1985/09/19,Z,Pomocni,186,792
396,Whitman,Rohlfing,1997/12/15,Z,Pomocni,454,573
397,Matthus,O'Sullivan,1993/07/30,M,Glavni,790,698
398,Jennine,Milley,2005/04/11,M,Pomocni,445,262
399,Joella,Heavy,2007/08/23,Z,Pomocni,258,232
400,Yvor,Clevely,2005/12/31,M,Glavni,693,560
401,Raven,Mozzetti,1989/02/03,Z,Pomocni,577,457
402,Nessy,McGifford,1999/11/30,M,Pomocni,20,581
403,Kameko,Saunt,2010/01/18,M,Pomocni,72,932
404,Shannah,O'Regan,2002/08/26,Z,Pomocni,867,77
405,Romy,Barends,2001/03/11,M,Glavni,203,439
406,Willamina,MacNeilly,2004/02/20,Z,Pomocni,55,576
407,Donalt,Bleakman,1999/01/03,M,Pomocni,410,474
408,Gearalt,Danielot,2008/09/16,Z,Glavni,532,802
409,Teddy,Schneidar,2009/06/09,M,Pomocni,81,579
410,Kristian,Stanistrete,1993/04/06,Z,Pomocni,913,458
411,Elaine,Ceschelli,1984/11/27,M,Glavni,285,716
412,Harlie,Grindall,1986/04/10,M,Glavni,197,46
413,Nathalia,Yellowlea,2004/07/06,M,Glavni,155,9
414,Harmony,Lassey,2008/12/05,M,Pomocni,429,308
415,Juana,Hambers,1988/09/02,Z,Glavni,847,345
416,Wainwright,Bamfield,2000/08/03,M,Pomocni,374,183
417,Olivette,Coggles,1987/05/08,M,Pomocni,435,708
418,Neill,Bedham,2010/07/11,M,Glavni,851,958
419,Rosa,Dils,1983/10/19,Z,Pomocni,443,170
420,Lotty,Bonsey,1983/12/28,M,Pomocni,385,121
421,Eustace,Goodboddy,1991/11/14,Z,Pomocni,948,497
422,Madel,Kevis,1992/04/05,Z,Glavni,936,503
423,Hughie,Wilmott,2000/03/25,M,Pomocni,919,202
424,Malorie,Dunlop,1995/11/10,M,Glavni,171,893
425,Retha,Grene,2003/08/20,Z,Pomocni,149,221
426,Enriqueta,Heaney,2005/05/04,M,Pomocni,930,40
427,Karleen,Adkin,1991/09/30,M,Pomocni,882,174
428,Sigmund,Mellenby,2006/07/09,M,Glavni,901,71
429,Tybalt,Deniso,1992/09/29,M,Pomocni,950,673
430,Gnni,Garrard,2001/09/28,Z,Pomocni,563,530
431,Brianna,Izac,1989/07/28,Z,Pomocni,811,304
432,Tallie,Prevost,1998/08/21,M,Pomocni,822,335
433,Lion,Helder,2008/07/24,Z,Pomocni,825,811
434,Rasia,Klink,1997/10/15,Z,Pomocni,383,445
435,Manolo,Fortesquieu,2005/07/21,Z,Pomocni,967,226
436,Demetra,Monkley,1993/06/30,M,Glavni,777,137
437,Leese,Yakuntsov,1995/09/12,Z,Pomocni,355,892
438,Clay,Jolley,1996/05/03,M,Pomocni,883,271
439,Janot,Rissen,1982/09/14,Z,Pomocni,761,932
440,Marietta,Vaudin,2007/03/30,M,Pomocni,279,31
441,Roze,McBlain,1981/08/24,M,Pomocni,286,727
442,Marjorie,Brooksbie,2006/08/31,M,Pomocni,40,122
443,Hernando,Moncaster,1983/03/02,M,Pomocni,27,574
444,Val,Chaplyn,2001/02/11,M,Pomocni,80,28
445,Charil,Greenhough,1985/01/01,Z,Glavni,760,334
446,Faye,Pierucci,2010/10/05,Z,Pomocni,846,468
447,Enoch,Hulatt,2000/10/05,M,Pomocni,232,205
448,Lydie,Kryszkiecicz,1993/12/17,Z,Pomocni,868,250
449,Salim,Georg,2001/12/16,Z,Pomocni,812,290
450,Huntlee,Canete,2000/12/27,M,Glavni,91,266
451,Jennie,Turfs,1992/04/20,Z,Pomocni,557,528
452,Nevsa,Rudge,1996/09/13,M,Pomocni,53,251
453,Celie,Woolacott,2005/09/14,Z,Pomocni,139,13
454,Allyn,Slyde,1998/12/02,Z,Pomocni,326,756
455,Mordecai,Thorp,2001/09/10,M,Glavni,345,583
456,Rickey,Lapslie,1985/12/12,M,Pomocni,899,577
457,Jen,Kedwell,1984/11/02,M,Glavni,860,475
458,Tracy,Ivankov,1997/09/24,M,Glavni,853,839
459,Robinette,Bandy,2006/12/10,M,Glavni,494,486
460,Hewet,Dowley,2003/05/09,M,Glavni,848,954
461,Dionis,Domleo,1997/08/22,Z,Pomocni,649,478
462,Bettine,Milkeham,1983/07/09,M,Pomocni,935,523
463,Gwendolyn,Witherington,1981/02/10,M,Pomocni,244,606
464,Diego,McGahern,2002/01/23,Z,Glavni,712,751
465,Jill,Dabbs,1983/10/06,Z,Pomocni,348,654
466,Rolland,Ondrusek,1997/12/02,Z,Glavni,401,435
467,Lydon,De Biaggi,1984/07/17,M,Pomocni,979,932
468,Maurits,Dearth,2005/09/19,M,Pomocni,666,312
469,Brena,Willoughey,1986/11/25,M,Pomocni,875,629
470,Forrester,Fessions,2009/04/01,M,Pomocni,976,840
471,Sloane,Trevon,1987/01/06,M,Pomocni,93,255
472,Nanette,Mundow,1980/12/29,M,Glavni,662,379
473,Sven,Pressnell,1995/10/27,Z,Pomocni,315,104
474,Danica,Eynaud,1995/02/03,Z,Pomocni,370,645
475,Vernen,Grene,1985/06/01,Z,Glavni,70,804
476,Llewellyn,Banham,1990/09/06,Z,Pomocni,934,299
477,Elizabeth,Davey,1998/01/04,M,Pomocni,77,276
478,Fanny,McElhinney,1991/12/04,M,Pomocni,765,494
479,Griffy,Parlor,1996/11/25,Z,Glavni,890,992
480,Marina,Aisthorpe,1984/09/21,M,Pomocni,527,695
481,Shem,Mertin,2003/01/24,Z,Glavni,984,371
482,Abby,Josipovitz,1999/08/01,Z,Pomocni,522,263
483,Pandora,Ovitts,1999/04/26,Z,Pomocni,509,714
484,Shadow,Swansborough,2005/09/22,M,Glavni,752,690
485,Nowell,Mazella,2004/02/28,Z,Pomocni,292,931
486,Miner,Poppleton,2003/09/23,M,Pomocni,571,119
487,Nicolai,Goodluck,1987/05/11,Z,Pomocni,146,664
488,Jacquenette,O'Shirine,1999/10/22,M,Pomocni,602,424
489,Britni,Ritelli,1996/01/05,Z,Pomocni,517,822
490,Beniamino,Szymonowicz,1999/06/08,Z,Glavni,806,589
491,Doria,Blackesland,1995/11/12,Z,Pomocni,931,747
492,Karita,Farren,1989/06/16,M,Pomocni,565,432
493,Enrichetta,Grimsey,1991/07/23,M,Pomocni,273,642
494,Loretta,Glitherow,2000/01/10,Z,Glavni,322,484
495,Cecilio,Hardwick,1991/03/21,M,Glavni,102,789
496,Charles,Noblett,2009/10/12,M,Pomocni,578,140
497,Nadya,Clitheroe,1992/02/09,M,Glavni,812,975
498,Kaitlyn,Garretson,2000/10/20,Z,Glavni,65,743
499,Ringo,Cawsby,2009/08/21,M,Glavni,392,679
500,Ursulina,Ilieve,1985/09/16,M,Pomocni,552,939
501,Tabbie,Shutt,2008/03/05,Z,Pomocni,360,980
502,Bonita,Dadd,1994/11/20,Z,Glavni,555,420
503,Edgard,Chastey,1988/08/23,M,Pomocni,847,953
504,Quinn,Crutchfield,1981/10/22,Z,Pomocni,506,859
505,Tanitansy,Bertelsen,1986/03/19,M,Pomocni,205,851
506,Lenna,Ruppele,1987/08/29,Z,Pomocni,543,351
507,Delia,Martugin,2003/03/21,M,Pomocni,308,621
508,Bertram,Tomasz,1995/01/25,Z,Pomocni,83,94
509,Fenelia,Gisborne,2005/06/18,Z,Glavni,302,430
510,Noland,Capell,1985/10/26,Z,Pomocni,416,929
511,Forbes,Langland,2006/11/30,Z,Pomocni,565,129
512,Tadeas,Hanhard,1985/07/10,M,Pomocni,324,238
513,Cordie,Duffield,2005/03/31,Z,Pomocni,582,912
514,Warren,McLucas,1998/10/09,M,Pomocni,418,800
515,Ede,Fay,1983/12/15,Z,Pomocni,557,368
516,Francene,Merck,1998/09/13,M,Glavni,654,869
517,Mignon,Sharpous,1995/10/30,Z,Pomocni,161,840
518,Grata,Farrance,1982/09/19,M,Pomocni,970,793
519,Norma,Sansam,2008/01/01,Z,Pomocni,590,305
520,Cherise,Hallbord,2009/08/17,Z,Pomocni,770,604
521,Thoma,Grugerr,1998/06/16,M,Pomocni,992,910
522,Carlos,McNeely,1985/02/18,Z,Pomocni,786,82
523,Patricia,Cantwell,1987/12/31,M,Pomocni,792,946
524,Lesley,Sayes,2000/07/01,M,Pomocni,615,455
525,Hashim,Genever,2003/07/13,M,Pomocni,304,931
526,Sallie,Zanitti,2008/02/02,Z,Pomocni,442,272
527,Nevil,Penas,2002/06/20,Z,Glavni,54,490
528,Halli,Petrolli,1996/02/01,Z,Pomocni,734,265
529,Eryn,Cunniffe,1999/02/16,Z,Glavni,855,110
530,Ezri,Boyford,2009/04/15,M,Pomocni,99,130
531,Haley,Kloser,1991/03/06,Z,Pomocni,540,37
532,Prudence,Stranahan,1994/11/19,M,Pomocni,978,544
533,Tandie,Mordue,2006/12/01,Z,Pomocni,5,509
534,Addia,Ambrogioni,1985/09/15,Z,Pomocni,340,702
535,Gar,Woolway,1991/03/05,Z,Pomocni,627,459
536,Nikolia,Trank,1987/09/16,Z,Pomocni,666,912
537,Jessie,Vallow,1985/01/10,Z,Pomocni,273,560
538,Jillayne,Gude,1994/05/25,Z,Pomocni,385,519
539,Morris,Suggate,2007/06/20,Z,Glavni,484,577
540,Delinda,Thomasen,1985/05/21,Z,Pomocni,901,483
541,Fiann,Burnsyde,1983/04/15,M,Pomocni,778,287
542,Brier,Frackiewicz,1998/01/16,M,Glavni,118,495
543,Krissy,McDonagh,1985/04/26,M,Pomocni,32,356
544,Rancell,Skelhorne,2007/02/25,Z,Pomocni,706,23
545,Alexio,Duckworth,2005/11/03,M,Pomocni,75,714
546,Jasen,Cockill,2010/09/01,M,Glavni,848,412
547,Janina,Fussie,1995/01/09,M,Pomocni,85,107
548,Madella,Beech,2002/01/10,M,Pomocni,129,135
549,Jasper,McEachern,1998/08/22,Z,Pomocni,717,949
550,Jolynn,Clutten,1993/06/02,M,Pomocni,795,86
551,Libbie,Willey,1997/10/15,Z,Glavni,267,357
552,Bendite,Safe,2000/05/10,Z,Pomocni,944,907
553,Shirlene,Martelet,2003/08/05,Z,Pomocni,530,970
554,Salaidh,Skippon,1995/10/15,M,Pomocni,920,730
555,Eveline,Bitchener,1983/10/15,Z,Pomocni,668,774
556,Kelley,Godilington,2004/07/29,Z,Pomocni,971,609
557,Cleon,Slowey,1989/08/14,Z,Pomocni,151,753
558,Lottie,Skalls,2009/09/16,Z,Pomocni,868,541
559,Rog,Paulson,1990/05/09,Z,Pomocni,20,920
560,Jessa,Roelvink,1994/02/14,M,Pomocni,850,376
561,Anjela,Fantone,1996/08/16,M,Pomocni,741,599
562,Anne-corinne,Greenall,2007/06/18,M,Glavni,305,657
563,Bidget,Moye,2005/09/15,M,Pomocni,526,393
564,Lanny,Tillman,1991/09/02,M,Pomocni,400,300
565,Marcille,Byham,2009/03/19,M,Pomocni,513,808
566,Barbey,Purkis,2004/12/20,M,Pomocni,667,86
567,Anne-corinne,Eyer,1999/08/15,Z,Pomocni,7,632
568,Adriane,Meads,1983/01/02,Z,Pomocni,274,547
569,Lothaire,Cordaroy,2003/12/19,Z,Pomocni,872,458
570,Maxi,Knightley,1988/07/22,Z,Pomocni,598,1000
571,Harmonia,Lightbourne,1996/03/15,Z,Pomocni,54,996
572,Sunny,Dowdney,2003/07/01,M,Pomocni,197,706
573,Jess,Goldster,1981/12/28,M,Glavni,911,206
574,Ansley,Warriner,1999/04/09,M,Glavni,240,929
575,Morgun,Alldritt,1993/10/31,M,Pomocni,473,268
576,Karalee,McArtan,1982/07/13,Z,Pomocni,26,644
577,Gawen,Paddefield,2004/03/27,M,Pomocni,678,954
578,Camilla,Glastonbury,1991/03/25,Z,Glavni,29,502
579,Randall,Taylour,2007/09/11,M,Glavni,590,9
580,Marion,Guilloux,1996/03/09,Z,Pomocni,453,905
581,Hyacinth,Mapplethorpe,1993/12/04,M,Glavni,395,282
582,Marve,Cotter,1995/06/29,Z,Pomocni,718,981
583,Linus,O'Mullally,1984/08/12,M,Glavni,389,16
584,Tessie,Phear,1981/03/08,M,Glavni,619,856
585,Sloan,Bottrill,1990/01/20,M,Pomocni,492,22
586,Siegfried,Irnis,2004/01/29,Z,Pomocni,191,508
587,Welbie,Novelli,2003/09/22,M,Pomocni,243,825
588,Annecorinne,Coady,2005/02/04,Z,Pomocni,539,130
589,Marybelle,Orgel,1982/11/05,M,Pomocni,604,94
590,Bili,Fawdrie,1997/05/05,M,Pomocni,479,388
591,Leroi,Kordt,2007/04/01,M,Pomocni,422,54
592,Rabbi,Tapton,1991/11/16,Z,Pomocni,802,529
593,Zahara,Spurret,1992/04/30,M,Pomocni,22,728
594,Inesita,Sanpher,1988/05/08,M,Glavni,284,783
595,Artus,Spinley,1983/08/13,Z,Pomocni,437,48
596,Tome,Batalini,1988/05/15,M,Glavni,824,694
597,Giorgi,Ruckert,2009/01/31,M,Pomocni,429,752
598,Anabelle,Cromer,1987/02/11,M,Pomocni,741,270
599,Courtenay,Dalmon,1986/12/04,Z,Glavni,333,844
600,Jorry,Kipling,1986/01/22,Z,Glavni,219,891
601,Florencia,Tweed,1997/06/01,M,Glavni,938,754
602,Ashla,Stormont,1996/01/28,M,Pomocni,173,622
603,Letty,Veschi,1986/03/01,Z,Pomocni,210,961
604,Audry,Renault,2004/01/03,M,Pomocni,405,898
605,Janean,Pallas,1981/03/09,Z,Glavni,414,274
606,Guntar,Aleksidze,2005/05/01,Z,Pomocni,491,763
607,Alene,Gaitley,1992/08/16,M,Pomocni,744,215
608,Gail,Laurant,1991/09/20,Z,Pomocni,854,973
609,Lorelle,Khilkov,2006/12/10,M,Pomocni,127,454
610,Roanne,Curston,2001/01/27,M,Pomocni,753,474
611,Heida,Briggs,2001/02/14,M,Pomocni,751,749
612,Patrica,Lumsdaine,2007/12/12,M,Glavni,965,726
613,Yolande,Testro,2010/08/23,Z,Pomocni,659,216
614,Pamela,Cockett,1986/03/24,M,Pomocni,311,964
615,Christiano,Bagnell,1999/09/29,M,Pomocni,203,113
616,Stephen,Erbain,1999/06/24,Z,Pomocni,223,924
617,Lissi,Sacco,2004/05/23,Z,Pomocni,522,458
618,Alie,Bradly,1989/08/27,M,Pomocni,487,877
619,Alric,Britch,1996/03/28,M,Glavni,114,392
620,Dorthea,Osgood,1999/05/09,Z,Pomocni,779,473
621,Gare,Greetham,1991/06/29,M,Pomocni,192,199
622,Latashia,Danielski,1983/04/04,M,Pomocni,454,675
623,Upton,Habbal,1981/02/10,M,Pomocni,202,203
624,Brandy,Kimbly,1984/03/27,Z,Pomocni,820,530
625,Jacinthe,Nelm,2010/05/02,M,Pomocni,173,104
626,Odele,Blewitt,1998/04/29,Z,Pomocni,832,930
627,Jareb,Menelaws,1998/12/19,Z,Pomocni,253,705
628,Kary,Kinney,1982/09/28,Z,Glavni,280,730
629,Si,Sagar,1988/03/25,M,Pomocni,476,142
630,Christian,Duckerin,2003/05/25,Z,Glavni,147,600
631,Irvin,Makin,1997/06/04,Z,Pomocni,516,539
632,Tomasina,Port,2008/07/19,Z,Glavni,234,779
633,Carolyne,Golledge,2008/12/02,M,Pomocni,974,767
634,Willie,Roobottom,1987/08/26,Z,Pomocni,55,355
635,Kelsey,Bertomeu,1997/08/18,M,Pomocni,208,451
636,Bertie,Gillebert,1988/03/30,Z,Glavni,946,347
637,Lulita,Stapforth,2009/03/27,M,Glavni,288,259
638,Reginald,Coonan,1987/06/15,Z,Pomocni,647,5
639,Kari,Matous,1998/11/11,M,Pomocni,59,526
640,Kinnie,Gethins,1993/05/21,Z,Pomocni,274,942
641,Ulises,Serris,2005/04/12,Z,Pomocni,387,6
642,Reuven,Peachey,2008/02/05,Z,Pomocni,93,324
643,Roxane,Bodell,2003/01/25,M,Glavni,644,790
644,Richy,Colebrook,1988/10/07,M,Pomocni,118,630
645,Coleman,Proffer,1986/05/08,Z,Pomocni,679,380
646,Denver,Baynham,2000/11/06,M,Glavni,709,739
647,Edeline,Milius,2002/03/08,Z,Pomocni,557,350
648,Sada,Dellar,1996/02/16,Z,Pomocni,65,582
649,Jeramey,O'Dee,2008/04/16,Z,Pomocni,442,170
650,Ruthanne,Corking,1996/01/16,M,Pomocni,559,166
651,Brynne,Farens,1989/04/11,M,Pomocni,111,309
652,Alvis,Jelfs,2005/11/19,M,Glavni,992,885
653,Britni,Riley,1995/06/25,Z,Pomocni,940,255
654,Karlen,Duester,1997/03/24,M,Pomocni,298,431
655,Nancee,Poll,1997/06/23,Z,Glavni,498,908
656,Thomasina,Bernadzki,1988/04/01,Z,Pomocni,302,357
657,Rhodie,Strettle,1996/06/13,M,Pomocni,955,581
658,Ryon,Wort,1999/05/28,M,Pomocni,976,623
659,Timofei,Joris,2001/12/10,M,Pomocni,446,450
660,Charla,Dodshon,2003/03/28,Z,Pomocni,283,417
661,Jefferey,Paumier,1996/06/14,Z,Pomocni,450,440
662,Ettie,Mulhall,1999/05/03,Z,Pomocni,878,541
663,Georgina,Leinweber,2008/06/29,M,Glavni,495,240
664,Isaac,Fife,1990/06/20,M,Pomocni,964,469
665,Ogdan,Crowther,1999/06/11,Z,Glavni,171,818
666,Cecilia,Sibley,1989/08/07,M,Pomocni,344,666
667,Cyndy,Batha,1987/08/17,Z,Pomocni,335,91
668,Adara,Lansberry,2003/04/07,M,Glavni,789,300
669,Mose,Olenichev,1989/01/07,M,Pomocni,691,11
670,Burke,Conring,1987/11/28,M,Glavni,505,347
671,Courtnay,Birk,1982/04/24,M,Pomocni,836,415
672,Jennine,Hartless,1987/11/20,M,Glavni,526,327
673,Trixi,Jessep,1998/06/19,Z,Pomocni,328,758
674,Jocelyn,Poundford,1990/05/08,M,Pomocni,465,2
675,Carol,Sherbourne,2006/07/09,Z,Glavni,951,349
676,Wendell,Fawloe,1989/02/03,Z,Pomocni,942,12
677,Emily,McBayne,1995/10/22,M,Pomocni,576,595
678,Kipp,Shelford,2002/06/22,M,Pomocni,209,27
679,Deni,Ashton,1985/11/22,Z,Pomocni,624,298
680,Lorna,Prettyjohn,1991/01/02,M,Pomocni,941,150
681,Camila,Ferrao,1982/01/07,Z,Glavni,243,471
682,Pascale,Witchell,1992/06/27,Z,Pomocni,321,242
683,Michaella,De Bruyn,1995/12/14,M,Pomocni,759,71
684,Modestine,Labusch,2004/09/23,M,Pomocni,24,137
685,Pierson,Wheal,2005/08/17,Z,Pomocni,783,892
686,Roderigo,Jacobovitz,2001/06/06,Z,Pomocni,962,798
687,Abbie,Cruse,1985/04/28,M,Pomocni,557,778
688,Gusta,Ouldcott,1985/07/30,M,Pomocni,209,131
689,Adrianna,Gobat,1980/12/24,M,Pomocni,779,246
690,Cherri,McQuade,1984/12/11,Z,Pomocni,431,935
691,Hakeem,Dudley,1995/05/16,Z,Glavni,303,712
692,Mignonne,Drinkall,1981/07/01,M,Glavni,946,650
693,Corry,Tume,1990/12/23,M,Glavni,113,988
694,Izaak,Castiglione,1991/05/06,Z,Pomocni,990,361
695,Beret,Pagett,2004/03/13,Z,Pomocni,986,882
696,Ardra,Mc Meekin,2008/09/21,M,Pomocni,610,699
697,Heriberto,Humerstone,1991/11/25,M,Glavni,527,30
698,Katha,Sumpter,1999/03/09,Z,Glavni,18,591
699,Orel,Reynolds,1987/04/25,Z,Glavni,315,4
700,Mirabella,Wogden,1995/06/11,Z,Pomocni,387,138
701,Germana,Pardy,2004/06/01,Z,Pomocni,422,768
702,Wilona,Glozman,1999/09/16,Z,Pomocni,982,127
703,Aundrea,Rown,1998/03/25,M,Pomocni,562,981
704,Judye,Mabley,1999/12/17,Z,Pomocni,863,695
705,Leena,Stourton,2001/11/09,M,Pomocni,807,181
706,Niles,Haines,1996/09/15,Z,Pomocni,374,992
707,Roz,Coop,1994/11/04,M,Glavni,363,133
708,Berton,Bangham,2001/01/11,Z,Pomocni,619,553
709,Lona,Semor,2010/04/02,Z,Pomocni,574,819
710,Quintina,Salvidge,2003/04/04,Z,Glavni,11,983
711,Mirabelle,Disbury,1991/05/01,M,Pomocni,152,258
712,Pansy,Kenny,1995/01/04,M,Pomocni,563,378
713,Bar,Franciottoi,1981/04/28,Z,Pomocni,504,752
714,Ruthy,Laurentino,1993/01/19,Z,Pomocni,240,66
715,Giorgi,De Bruijn,1987/10/07,M,Glavni,348,334
716,Brittaney,Daykin,2002/07/15,Z,Pomocni,489,735
717,Torin,Satcher,1992/07/22,M,Pomocni,368,825
718,Rouvin,St. Louis,2000/05/17,Z,Pomocni,867,433
719,Iolande,Purdie,1986/01/04,M,Glavni,131,626
720,Dov,Doody,2009/07/06,Z,Pomocni,432,357
721,Lazaro,Connold,1983/12/21,Z,Pomocni,165,85
722,Nappie,Szepe,2005/09/30,M,Pomocni,192,3
723,Stoddard,Dahlback,1983/04/09,M,Pomocni,577,893
724,Denny,Baus,1983/11/19,M,Glavni,759,219
725,Nessa,Hollibone,2000/06/19,Z,Pomocni,129,960
726,Jo,Kupisz,1998/11/27,M,Glavni,764,229
727,Humphrey,Vaines,1983/10/20,Z,Glavni,739,420
728,Carrol,Barkus,2003/04/12,Z,Glavni,364,559
729,Willyt,Kernaghan,1996/10/21,Z,Glavni,398,964
730,Ardyth,Mewton,2006/12/22,M,Glavni,554,349
731,Dion,Sich,2008/03/22,Z,Pomocni,620,968
732,Lizbeth,Finney,1999/05/25,M,Pomocni,440,598
733,Malia,Clarey,2005/11/10,M,Pomocni,956,226
734,Humphrey,Rosel,1995/03/20,M,Glavni,703,60
735,Sergent,Constant,2002/11/13,M,Pomocni,218,48
736,Dotty,Bradman,1981/08/13,Z,Glavni,707,877
737,Jess,Demetr,2005/01/07,Z,Pomocni,229,694
738,Guillemette,Heathcott,2004/11/17,Z,Pomocni,296,803
739,Parrnell,Girardin,2000/03/10,M,Pomocni,219,978
740,Malory,Harower,1993/10/08,Z,Glavni,500,710
741,Jordan,Wolverson,2006/02/03,Z,Pomocni,782,504
742,Lexie,Shackleford,1993/06/03,Z,Pomocni,486,939
743,Terence,Dahlbom,1983/09/11,M,Pomocni,298,73
744,Isador,McCuffie,2001/02/14,Z,Glavni,612,588
745,Buffy,Dowd,1992/05/15,Z,Pomocni,122,826
746,Toby,Pairpoint,1996/03/02,M,Pomocni,112,196
747,Maryellen,McCosh,1990/06/28,Z,Glavni,546,158
748,Mattias,Aizikovich,1993/05/05,Z,Pomocni,626,636
749,Mahalia,Cleal,1988/09/28,M,Glavni,565,593
750,Lucien,Pioli,2004/01/01,Z,Glavni,559,333
751,Isidoro,Everill,1988/04/04,M,Glavni,884,878
752,Veronika,McWhinnie,1997/07/07,Z,Pomocni,692,948
753,Enos,Dyball,1981/10/18,Z,Glavni,875,216
754,Carlin,Scafe,2001/11/01,Z,Pomocni,142,847
755,Sully,Starking,1993/04/07,Z,Pomocni,387,373
756,Nada,Chatenier,1996/03/18,M,Pomocni,333,763
757,Annette,O' Donohue,2000/03/12,M,Pomocni,655,596
758,Ashely,Suckling,1986/11/16,M,Pomocni,997,360
759,Starlin,Lamzed,2001/10/27,M,Pomocni,648,603
760,Dre,Baert,1983/12/19,Z,Pomocni,881,471
761,Clio,Teodoro,1986/09/01,M,Pomocni,956,650
762,Maurise,Pays,1995/04/28,M,Glavni,348,331
763,Wash,Spier,2005/08/03,M,Glavni,313,57
764,Ava,Ffoulkes,1990/04/24,M,Pomocni,694,127
765,Mason,Shearsby,1984/05/31,Z,Pomocni,618,207
766,Shelby,Koomar,1997/08/23,M,Glavni,173,994
767,Melvyn,McLaren,1988/10/14,Z,Pomocni,721,281
768,Sibelle,Radborn,1998/09/17,Z,Pomocni,716,388
769,Carol,Beardwell,1994/06/18,Z,Glavni,221,816
770,Darleen,Grigoliis,2006/04/18,Z,Pomocni,658,628
771,Hedvig,Doag,1989/08/27,M,Pomocni,464,30
772,Lea,Rickesies,1992/01/27,Z,Pomocni,941,573
773,Patty,Phalip,2004/02/03,Z,Pomocni,600,553
774,Marrissa,Underwood,1992/04/20,Z,Glavni,977,353
775,Dody,Swalteridge,2007/09/27,Z,Pomocni,545,793
776,Ettore,Archibould,1984/03/23,Z,Glavni,760,338
777,Dinah,Chestnut,2005/06/04,Z,Pomocni,879,701
778,Blanch,Borkin,1985/09/20,M,Pomocni,631,350
779,Natal,Yewen,1987/07/22,Z,Pomocni,681,59
780,Eleanor,Jessopp,2005/09/27,Z,Glavni,248,106
781,Bondy,Phin,1986/05/29,M,Pomocni,107,563
782,Amitie,Mawson,2008/06/20,M,Pomocni,912,657
783,Billye,Drane,1996/05/14,Z,Glavni,581,924
784,Rikki,Northcott,1997/03/21,M,Pomocni,895,125
785,Rebe,McGurn,2007/02/28,M,Pomocni,721,835
786,Becca,Dearsley,1987/09/15,M,Pomocni,66,77
787,Saunderson,Lundberg,1988/10/23,Z,Pomocni,478,999
788,Mose,Egentan,1985/08/24,M,Pomocni,553,331
789,Elianora,Paget,1991/12/09,M,Pomocni,332,773
790,Francklyn,Mousdall,1990/04/19,M,Glavni,151,882
791,Aurthur,Pyecroft,1996/07/09,Z,Pomocni,814,891
792,Arielle,Rosander,2010/06/27,Z,Pomocni,980,969
793,Irving,McMorran,2005/05/10,Z,Pomocni,386,452
794,Moe,Foltin,1990/12/06,Z,Pomocni,596,616
795,Ulberto,Burgum,1997/08/12,M,Pomocni,546,557
796,Gusty,Pughe,1997/05/12,M,Pomocni,57,237
797,Josephine,Boden,2002/03/15,M,Pomocni,28,914
798,Shel,Hattiff,2003/07/05,Z,Glavni,97,994
799,Carmita,Vanyutin,2005/05/04,Z,Pomocni,414,951
800,Iormina,Neaves,1998/02/26,M,Glavni,761,980
801,Stefa,Gardiner,1988/01/17,M,Glavni,905,455
802,Spike,Sallenger,1988/01/14,Z,Pomocni,315,880
803,Jeffrey,Sicely,2009/05/28,M,Pomocni,99,722
804,Corri,Diben,2000/06/29,Z,Pomocni,311,168
805,Sophronia,Bassano,2006/07/12,M,Glavni,496,519
806,Magdaia,McNally,1983/06/03,Z,Glavni,85,541
807,Vanni,Beaufoy,2010/11/13,Z,Pomocni,143,527
808,Marcela,Ding,2009/05/19,M,Pomocni,177,415
809,Tadeo,Meriel,1996/08/05,Z,Pomocni,21,543
810,Katusha,Ambrose,1998/11/24,Z,Pomocni,57,524
811,Sonia,Darrington,2007/02/07,Z,Pomocni,562,734
812,Arlena,Proschek,2008/02/27,M,Pomocni,475,227
813,Bale,Gudgeon,1992/05/28,M,Pomocni,60,374
814,Mei,Langston,2004/08/07,M,Glavni,289,31
815,Putnam,Orteaux,2008/05/06,M,Pomocni,363,463
816,Nikki,Fairfoot,1997/11/14,Z,Pomocni,229,641
817,Katinka,Lindores,1984/02/04,Z,Pomocni,489,445
818,Rob,Crosi,2003/12/02,M,Pomocni,395,717
819,Dante,Di Francesco,1985/04/04,M,Glavni,699,680
820,Dacy,Simonou,2000/09/22,M,Pomocni,989,143
821,Lilas,Raspin,1995/03/25,M,Pomocni,303,122
822,Kipp,Pattini,1991/11/04,M,Glavni,261,423
823,Ulrike,Tindle,1993/08/17,M,Glavni,684,314
824,Clemens,Eixenberger,1993/08/17,M,Pomocni,925,893
825,Loy,Bonass,1985/12/29,Z,Pomocni,747,804
826,Obediah,Preddy,1983/04/27,M,Pomocni,321,841
827,Dannel,Alvarado,2001/03/01,Z,Pomocni,287,825
828,Teddie,Trenouth,2002/07/26,Z,Pomocni,622,862
829,Mariette,Abramowitz,2006/08/02,M,Pomocni,400,305
830,Jessy,Klossmann,1997/06/29,M,Pomocni,722,192
831,Gates,Simione,2009/10/09,Z,Glavni,648,166
832,Giralda,Goldin,1982/01/14,Z,Glavni,266,88
833,Tory,Antoni,1997/06/20,Z,Pomocni,382,817
834,Dallis,Speirs,2007/01/20,Z,Glavni,706,794
835,Brandtr,Sonner,2004/04/14,M,Pomocni,299,474
836,Tallulah,Lackington,1984/12/22,M,Pomocni,756,350
837,Crosby,Ridings,1982/06/23,Z,Glavni,35,264
838,Alphard,McRill,1983/03/22,Z,Pomocni,185,817
839,Josey,Merrigans,2009/02/28,M,Pomocni,72,206
840,Antonietta,Watts,1983/01/21,Z,Pomocni,464,135
841,Culley,Glave,1995/12/28,Z,Pomocni,927,359
842,Sascha,Espina,2006/04/11,M,Pomocni,742,833
843,Bella,Antram,2008/04/11,Z,Pomocni,398,131
844,Fredrick,Trussman,2009/04/06,Z,Glavni,995,275
845,Hatti,Aynscombe,2001/04/21,M,Pomocni,898,690
846,Berny,Hover,2008/01/19,M,Pomocni,323,624
847,Harrie,Hawkin,2008/11/27,M,Glavni,86,50
848,Madge,Colbron,1990/01/01,Z,Glavni,454,188
849,Chev,Dominey,2005/08/09,M,Glavni,77,107
850,Miguel,Nutbrown,1985/09/11,Z,Pomocni,188,397
851,Porty,Darree,2005/01/18,M,Glavni,507,237
852,Lorianne,Edmeads,1988/06/27,M,Glavni,66,535
853,Terry,Housego,2001/11/21,M,Pomocni,217,346
854,Janifer,Bullan,1993/09/26,Z,Glavni,106,627
855,Randy,Eades,2009/11/06,M,Pomocni,172,739
856,Patrice,Cromblehome,2005/01/18,M,Pomocni,481,921
857,Florida,Meineking,1998/06/11,Z,Pomocni,734,873
858,Alexis,Jocelyn,2010/05/06,Z,Pomocni,267,79
859,Alexis,Treppas,1987/06/22,M,Pomocni,643,427
860,Nicol,Barns,1983/12/29,M,Glavni,226,235
861,Chaunce,Blundell,1997/01/09,M,Pomocni,134,98
862,Pascal,Chrestien,1987/09/16,M,Pomocni,112,667
863,Susi,Alton,1995/05/11,Z,Pomocni,998,316
864,Hugh,Woolatt,2004/11/02,M,Glavni,31,120
865,Ingamar,Powner,2000/05/20,M,Pomocni,658,585
866,Carita,Spurriar,1999/08/22,Z,Pomocni,879,782
867,Cecile,Seedhouse,1981/10/29,M,Pomocni,567,200
868,Sauncho,Onthank,2007/03/13,Z,Pomocni,54,294
869,Bertina,Ziemsen,1999/11/05,Z,Pomocni,340,611
870,Saleem,Greathead,1988/03/07,M,Glavni,571,389
871,Frasquito,Harvey,2001/05/31,Z,Glavni,304,861
872,Amandie,Dytham,1984/12/02,Z,Pomocni,597,74
873,Vi,Daingerfield,1981/12/17,M,Glavni,513,602
874,Regine,Hammand,2000/07/01,M,Pomocni,912,749
875,Lindy,Partrick,1986/01/22,Z,Pomocni,493,824
876,Valentine,Edgeworth,2002/12/30,Z,Pomocni,543,282
877,Herculie,Kubal,1991/03/09,Z,Pomocni,297,576
878,Ravi,MacPaden,2000/10/20,M,Pomocni,18,945
879,Neddie,Keelinge,1989/05/23,M,Pomocni,552,959
880,Yovonnda,Lapre,1985/12/28,Z,Pomocni,73,939
881,Avictor,Garnam,1995/08/23,Z,Pomocni,348,114
882,Cary,MacUchadair,2002/02/22,Z,Pomocni,930,863
883,Pablo,Trevino,1985/08/10,Z,Pomocni,942,914
884,Tedda,Kitcatt,2007/06/24,Z,Pomocni,606,615
885,Isidora,Sunter,2000/06/17,Z,Pomocni,122,154
886,Ruthanne,Aust,1995/08/09,M,Pomocni,563,710
887,Laney,Schultes,1984/04/19,M,Pomocni,416,559
888,Janith,De Ferraris,1991/07/08,M,Pomocni,909,898
889,Lesya,Brittlebank,2010/01/11,M,Pomocni,141,772
890,Miltie,Blatherwick,1982/04/05,Z,Glavni,126,552
891,Willdon,Padgett,1982/01/16,M,Pomocni,397,858
892,Ethe,Morey,1988/05/27,M,Pomocni,66,63
893,Cordi,Lehon,1999/05/05,Z,Glavni,590,239
894,Chick,Pinyon,1984/07/11,M,Pomocni,614,869
895,Lezlie,Hollyland,2003/10/27,M,Pomocni,769,596
896,Tammie,Causer,2001/08/21,Z,Pomocni,557,704
897,Kelcie,Tillerton,2009/08/14,M,Pomocni,733,172
898,Salvidor,Grigoryev,2003/07/15,M,Glavni,45,752
899,Lorinda,Piken,1982/05/20,Z,Glavni,362,587
900,Kelli,Darby,2000/10/04,Z,Pomocni,109,14
901,Quincey,Sterte,1991/10/17,M,Pomocni,453,537
902,Bryn,Beckworth,1985/09/09,Z,Pomocni,264,91
903,Addia,Quarmby,1990/06/23,Z,Pomocni,36,107
904,Ewart,Morgue,1985/02/16,M,Pomocni,270,555
905,Gaultiero,Frichley,2009/05/16,M,Glavni,127,566
906,Lindi,Kedward,2006/02/23,M,Pomocni,151,229
907,Nydia,Huleatt,1993/12/27,Z,Pomocni,186,545
908,Simonette,Pagon,1988/08/07,Z,Pomocni,262,944
909,Emilia,Kobke,1999/02/04,M,Glavni,582,874
910,Felecia,Uc,1988/05/27,Z,Pomocni,703,83
911,Floris,Halahan,2005/04/18,M,Glavni,744,157
912,Tim,McNevin,1992/06/04,M,Pomocni,171,961
913,Darelle,Sprott,2000/05/15,M,Pomocni,908,784
914,Hogan,Brant,1989/03/26,M,Pomocni,853,222
915,Erek,Sleit,1998/10/02,M,Pomocni,800,688
916,Betsey,Lissimore,1991/12/27,Z,Pomocni,439,772
917,Harrison,Wiersma,1983/04/03,M,Pomocni,830,221
918,Conroy,Adriaens,1988/01/27,M,Pomocni,512,652
919,Marcel,Berg,1986/09/10,M,Pomocni,34,856
920,Abdul,Coldrick,1995/10/16,Z,Pomocni,306,380
921,Therine,Mewburn,2004/01/08,M,Pomocni,655,951
922,Jock,Cardero,1989/07/19,M,Pomocni,348,787
923,Guglielma,Cleaveland,2007/10/21,M,Pomocni,333,666
924,Armando,Di Gregorio,1990/06/19,Z,Pomocni,609,231
925,Noland,Kmieciak,1983/01/13,M,Glavni,922,910
926,Janka,Trewman,1992/01/10,M,Glavni,654,834
927,Wyndham,Dawidsohn,1987/01/29,M,Pomocni,471,558
928,Keeley,Brewitt,1990/09/29,Z,Pomocni,953,587
929,Gussi,Crowcombe,2007/11/04,Z,Glavni,390,389
930,Freeland,Willmont,1981/03/29,M,Pomocni,436,869
931,Josefina,Lessmare,1990/11/25,Z,Pomocni,223,456
932,Mari,Ibbotson,2010/11/26,M,Pomocni,464,469
933,Morganne,McKeran,2004/11/08,Z,Pomocni,307,754
934,Andrey,Hunn,1992/11/22,M,Pomocni,7,584
935,Mark,Lowless,1989/08/15,Z,Pomocni,213,767
936,Tiffy,Ocklin,1984/07/22,Z,Pomocni,733,457
937,Erina,Ketts,1989/05/11,Z,Pomocni,256,279
938,Vail,Paladini,2008/03/12,M,Glavni,258,126
939,Jobi,Beadle,2003/06/21,M,Pomocni,688,866
940,Jerrome,Coils,2006/08/29,Z,Pomocni,509,541
941,Rasla,Solley,1981/11/14,M,Pomocni,663,173
942,Eunice,Christall,2008/05/31,Z,Pomocni,781,314
943,Lisle,Dosedale,2004/02/10,Z,Pomocni,860,161
944,Edmund,Dragge,1990/02/04,Z,Pomocni,429,8
945,Melania,Kermath,2003/07/13,M,Glavni,427,20
946,Amanda,Gouny,1983/11/26,Z,Pomocni,910,883
947,Betty,Gerasch,1982/10/28,Z,Glavni,442,343
948,Brenn,Beiderbeck,2010/10/08,M,Pomocni,426,523
949,Bernadette,Van Dale,1997/02/04,Z,Pomocni,593,489
950,Toddy,Dechelette,2004/01/24,Z,Pomocni,723,427
951,Terri,Brodbin,1996/03/14,Z,Pomocni,940,66
952,Jane,Tomczykiewicz,1994/09/22,Z,Pomocni,132,137
953,Randell,Biagini,2003/05/24,M,Glavni,556,483
954,Carlene,Burdge,2010/09/07,M,Glavni,632,884
955,Annette,Sherbrook,1992/10/22,M,Glavni,821,249
956,Erma,Joll,2006/12/30,Z,Pomocni,439,164
957,Blanch,Baxstair,1983/03/04,M,Pomocni,996,683
958,Jacquenetta,Oades,2001/12/03,M,Pomocni,654,730
959,Georgeanna,Roscamps,1994/04/26,Z,Pomocni,139,540
960,Leslie,Burder,2002/12/30,M,Glavni,418,876
961,Brok,Valentinetti,2003/09/23,M,Pomocni,679,475
962,Gav,Kerman,1989/11/30,Z,Pomocni,266,87
963,Forest,Axford,1983/08/01,Z,Pomocni,426,339
964,Emmey,Jansie,2005/12/09,M,Pomocni,810,462
965,Pembroke,Lowin,2010/11/28,Z,Pomocni,350,312
966,Milo,Horrod,1993/12/17,M,Pomocni,279,160
967,Wilbert,Benardeau,2010/08/30,M,Pomocni,528,637
968,Riva,MacGiffin,2010/08/18,M,Pomocni,314,689
969,Karlen,Iredale,1996/01/14,Z,Glavni,162,80
970,Lorraine,Pala,1992/09/20,M,Glavni,42,139
971,Errick,Antoshin,2008/02/12,M,Pomocni,410,10
972,Niko,Czyz,1984/02/21,Z,Glavni,640,652
973,Ilene,Kohring,2004/03/07,Z,Glavni,579,200
974,Linc,Tumioto,1999/01/04,M,Glavni,564,82
975,Ninette,Brealey,1995/06/05,Z,Pomocni,185,715
976,Brannon,Burl,1982/05/19,Z,Pomocni,567,241
977,Porty,Stubbs,2000/12/04,Z,Pomocni,338,963
978,Rodolph,Otteridge,1987/12/11,Z,Pomocni,883,973
979,Curr,Ruggles,2007/03/28,Z,Pomocni,894,522
980,Haslett,Moncarr,1992/12/03,M,Pomocni,272,827
981,Innis,Walak,1986/07/04,M,Pomocni,193,399
982,Philippine,Dowsett,1992/03/16,M,Pomocni,873,34
983,Blinni,Gettens,1993/01/20,M,Glavni,931,166
984,Imelda,Mardall,1984/11/09,Z,Pomocni,478,702
985,Kayne,Gracewood,1992/01/16,Z,Pomocni,178,954
986,Leticia,Morando,2010/03/11,Z,Pomocni,395,450
987,Tanhya,Streat,2001/07/14,M,Pomocni,254,853
988,Clementia,Pinchen,2006/08/22,Z,Pomocni,182,464
989,Alyosha,St. Clair,2008/01/14,Z,Pomocni,492,388
990,Eustace,Dibner,2010/07/08,Z,Pomocni,483,330
991,Vincenz,Fisbburne,1984/07/17,Z,Glavni,11,597
992,Nadia,Mulrooney,2007/02/25,M,Pomocni,667,447
993,Griswold,Giorio,1990/01/03,M,Pomocni,827,544
994,Chrisse,Cornes,1981/09/28,M,Glavni,952,85
995,Purcell,Filipczak,2002/03/26,M,Glavni,516,944
996,Hendrika,Gimbrett,1990/08/25,M,Pomocni,125,332
997,Julina,Sustins,1996/02/06,Z,Pomocni,859,485
998,Dona,Van Ross,1988/11/13,Z,Pomocni,259,551
999,Joanne,Birt,1983/03/10,Z,Glavni,223,320
1000,Cass,Harmston,1993/08/09,M,Pomocni,951,74
